id,idade,educacao,tipo_emprego,renda,divida,outras_div,default,educacao_cat,idade_cat,renda_cat
1,41,3,18,176,10.3,5.01,nao_pagou,ensin_sup,acima_40,alta
2,27,1,10,31,17.3,4,pagou,ensin_basico,abaixo_30,baixa_media
3,40,1,15,55,5.5,2.17,pagou,ensin_basico,entre_30_40,alta
4,41,1,15,120,2.9,0.82,pagou,ensin_basico,acima_40,alta
5,24,2,2,28,17.3,3.06,nao_pagou,ensin_medio,abaixo_30,baixa_media
6,41,2,5,25,10.2,2.16,pagou,ensin_medio,acima_40,baixa_media
7,39,1,20,67,30.6,16.67,pagou,ensin_basico,entre_30_40,alta
8,43,1,12,38,3.6,1.24,pagou,ensin_basico,acima_40,media_alta
9,24,1,3,19,24.4,3.28,nao_pagou,ensin_basico,abaixo_30,baixa
10,36,1,0,25,19.7,2.15,pagou,ensin_basico,entre_30_40,baixa_media
11,27,1,0,16,1.7,0.09,pagou,ensin_basico,abaixo_30,baixa
12,25,1,4,23,5.2,0.94,pagou,ensin_basico,abaixo_30,baixa
13,52,1,24,64,10,2.47,pagou,ensin_basico,acima_40,alta
14,37,1,6,29,16.3,3.01,pagou,ensin_basico,entre_30_40,baixa_media
15,48,1,22,100,9.1,5.4,pagou,ensin_basico,acima_40,alta
16,36,2,10,49,8.6,3.4,nao_pagou,ensin_medio,entre_30_40,media_alta
17,36,2,13,41,16.4,3.81,nao_pagou,ensin_medio,entre_30_40,media_alta
18,43,1,23,72,7.6,4.29,pagou,ensin_basico,acima_40,alta
19,39,1,6,61,5.7,2.91,pagou,ensin_basico,entre_30_40,alta
20,41,3,0,26,1.7,0.34,pagou,ensin_sup,acima_40,baixa_media
21,39,1,22,52,3.2,0.51,pagou,ensin_basico,entre_30_40,media_alta
22,47,1,17,43,5.6,1.82,pagou,ensin_basico,acima_40,media_alta
23,28,1,3,26,10,2.17,pagou,ensin_basico,abaixo_30,baixa_media
24,29,1,8,27,9.8,2.24,pagou,ensin_basico,abaixo_30,baixa_media
25,21,2,1,16,18,2.64,nao_pagou,ensin_medio,abaixo_30,baixa
26,25,4,0,32,17.6,3.49,pagou,ensin_sup,abaixo_30,baixa_media
27,45,2,10,69,6.7,3.92,pagou,ensin_medio,acima_40,alta
28,43,1,25,64,16.7,9.74,pagou,ensin_basico,acima_40,alta
29,33,2,12,58,18.4,7.59,pagou,ensin_medio,entre_30_40,alta
30,26,3,2,37,14.2,5.05,pagou,ensin_sup,abaixo_30,media_alta
31,45,1,3,20,2.1,0.32,pagou,ensin_basico,acima_40,baixa
32,30,1,1,22,10.5,1.17,pagou,ensin_basico,abaixo_30,baixa
33,27,3,2,26,6,0.84,pagou,ensin_sup,abaixo_30,baixa_media
34,25,1,8,27,14.4,2.87,pagou,ensin_basico,abaixo_30,baixa_media
35,25,1,8,35,2.9,0.94,pagou,ensin_basico,abaixo_30,media_alta
36,26,2,6,45,26,5.65,pagou,ensin_medio,abaixo_30,media_alta
37,30,2,10,22,16.1,2.13,pagou,ensin_medio,abaixo_30,baixa
38,32,2,12,54,14.4,4.58,pagou,ensin_medio,entre_30_40,media_alta
39,28,2,1,24,17.1,2.77,nao_pagou,ensin_medio,abaixo_30,baixa
40,45,1,23,50,4.2,1.54,pagou,ensin_basico,acima_40,media_alta
41,23,1,7,31,6.6,1.71,pagou,ensin_basico,abaixo_30,baixa_media
42,34,1,17,59,8,2.91,pagou,ensin_basico,entre_30_40,alta
43,42,2,7,41,4.6,0.94,pagou,ensin_medio,acima_40,media_alta
44,39,1,19,48,13.1,4.36,pagou,ensin_basico,entre_30_40,media_alta
45,26,1,0,14,7.5,0.75,nao_pagou,ensin_basico,abaixo_30,baixa
46,21,2,0,16,6.8,0.94,pagou,ensin_medio,abaixo_30,baixa
47,35,1,13,35,4.5,1.14,pagou,ensin_basico,entre_30_40,media_alta
48,47,1,4,26,10.4,2.58,pagou,ensin_basico,acima_40,baixa_media
49,23,2,0,21,11.4,1.62,nao_pagou,ensin_medio,abaixo_30,baixa
50,35,1,18,42,7.4,2.9,pagou,ensin_basico,entre_30_40,media_alta
51,34,1,2,25,12.6,2.58,nao_pagou,ensin_basico,entre_30_40,baixa_media
52,46,1,1,20,14,1.99,pagou,ensin_basico,acima_40,baixa
53,46,1,16,52,12.9,3.68,nao_pagou,ensin_basico,acima_40,media_alta
54,38,3,4,25,3.7,0.61,pagou,ensin_sup,entre_30_40,baixa_media
55,40,2,3,28,9.5,2.11,pagou,ensin_medio,entre_30_40,baixa_media
56,37,1,1,24,15.1,1.82,nao_pagou,ensin_basico,entre_30_40,baixa
57,35,1,9,34,5,1.3,pagou,ensin_basico,entre_30_40,baixa_media
58,39,2,16,69,2.4,0.59,pagou,ensin_medio,entre_30_40,alta
59,40,3,18,100,2.5,1.02,pagou,ensin_sup,entre_30_40,alta
60,50,3,10,80,12.2,7.28,pagou,ensin_sup,acima_40,alta
61,31,1,9,28,2.4,0.62,pagou,ensin_basico,entre_30_40,baixa_media
62,29,1,13,42,7.4,1.65,nao_pagou,ensin_basico,abaixo_30,media_alta
63,37,1,4,23,12.4,1.98,pagou,ensin_basico,entre_30_40,baixa
64,33,2,4,55,7,1.69,pagou,ensin_medio,entre_30_40,alta
65,26,2,5,28,7.8,1.16,pagou,ensin_medio,abaixo_30,baixa_media
66,32,2,11,75,23.3,9.72,nao_pagou,ensin_medio,entre_30_40,alta
67,28,2,2,23,6.4,1.29,nao_pagou,ensin_medio,abaixo_30,baixa
68,39,1,19,46,9.1,1.67,pagou,ensin_basico,entre_30_40,media_alta
69,28,2,8,31,8.2,1.05,nao_pagou,ensin_medio,abaixo_30,baixa_media
70,29,1,1,20,18.6,3.15,nao_pagou,ensin_basico,abaixo_30,baixa
71,34,2,3,21,23.1,3.45,pagou,ensin_medio,entre_30_40,baixa
72,28,2,5,34,23.8,4.99,pagou,ensin_medio,abaixo_30,baixa_media
73,47,1,26,100,12.8,8.22,pagou,ensin_basico,acima_40,alta
74,43,4,1,26,10.6,1.24,pagou,ensin_sup,acima_40,baixa_media
75,41,1,13,44,1.7,0.68,pagou,ensin_basico,acima_40,media_alta
76,47,1,13,51,23.8,8.4,pagou,ensin_basico,acima_40,media_alta
77,24,1,2,21,0.6,0.1,pagou,ensin_basico,abaixo_30,baixa
78,29,1,1,17,6.7,0.98,pagou,ensin_basico,abaixo_30,baixa
79,33,1,14,37,2.6,0.76,pagou,ensin_basico,entre_30_40,media_alta
80,36,1,15,39,3.2,0.56,pagou,ensin_basico,entre_30_40,media_alta
81,26,1,5,27,10.5,0.36,nao_pagou,ensin_basico,abaixo_30,baixa_media
82,31,1,11,45,17,4.91,pagou,ensin_basico,entre_30_40,media_alta
83,37,1,7,32,19.6,3.58,pagou,ensin_basico,entre_30_40,baixa_media
84,35,4,4,29,11,1.35,pagou,ensin_sup,entre_30_40,baixa_media
85,26,1,4,20,5.4,0.76,pagou,ensin_basico,abaixo_30,baixa
86,40,1,10,45,18.8,6.45,pagou,ensin_basico,entre_30_40,media_alta
87,29,2,5,36,12.4,0.97,nao_pagou,ensin_medio,abaixo_30,media_alta
88,37,3,5,29,24.6,5.73,pagou,ensin_sup,entre_30_40,baixa_media
89,32,1,12,28,2.9,0.7,pagou,ensin_basico,entre_30_40,baixa_media
90,23,2,0,17,27.7,2.67,nao_pagou,ensin_medio,abaixo_30,baixa
91,32,1,3,23,6.2,1.37,pagou,ensin_basico,entre_30_40,baixa
92,25,1,1,15,11.4,1.34,nao_pagou,ensin_basico,abaixo_30,baixa
93,38,1,5,54,10.6,4.22,pagou,ensin_basico,entre_30_40,media_alta
94,32,2,0,18,5.8,0.75,nao_pagou,ensin_medio,entre_30_40,baixa
95,41,3,2,15,26.3,1.98,nao_pagou,ensin_sup,acima_40,baixa
96,36,1,17,54,4.4,1.65,pagou,ensin_basico,entre_30_40,media_alta
97,42,3,13,82,3.3,1.39,pagou,ensin_sup,acima_40,alta
98,41,1,14,52,7.3,2.87,pagou,ensin_basico,acima_40,media_alta
99,29,2,4,19,6.3,0.52,pagou,ensin_medio,abaixo_30,baixa
100,38,3,4,31,9.3,1.55,nao_pagou,ensin_sup,entre_30_40,baixa_media
101,39,1,22,113,2.6,1.95,pagou,ensin_basico,entre_30_40,alta
102,36,1,6,26,8.3,2.13,pagou,ensin_basico,entre_30_40,baixa_media
103,33,1,8,27,5.8,0.79,pagou,ensin_basico,entre_30_40,baixa_media
104,42,2,21,121,3.1,2.39,pagou,ensin_medio,acima_40,alta
105,41,2,22,75,23.6,7.82,pagou,ensin_medio,acima_40,alta
106,40,1,8,28,3.6,0.47,pagou,ensin_basico,entre_30_40,baixa_media
107,53,1,9,50,11.2,3.58,nao_pagou,ensin_basico,acima_40,media_alta
108,28,1,4,26,13.5,2.21,pagou,ensin_basico,abaixo_30,baixa_media
109,36,2,12,60,7.9,3.02,pagou,ensin_medio,entre_30_40,alta
110,34,2,9,45,10.1,3.43,pagou,ensin_medio,entre_30_40,media_alta
111,45,3,2,39,4.9,1.45,pagou,ensin_sup,acima_40,media_alta
112,38,1,6,41,8.9,3.38,pagou,ensin_basico,entre_30_40,media_alta
113,21,3,0,24,7.7,1.01,pagou,ensin_sup,abaixo_30,baixa
114,42,1,12,51,21.4,8.5,pagou,ensin_basico,acima_40,media_alta
115,52,1,16,64,8.6,3.64,pagou,ensin_basico,acima_40,alta
116,25,2,4,33,5.2,1.16,pagou,ensin_medio,abaixo_30,baixa_media
117,34,2,9,65,6.2,1.92,pagou,ensin_medio,entre_30_40,alta
118,40,2,15,73,3.4,1.45,pagou,ensin_medio,entre_30_40,alta
119,31,2,0,27,12.8,2.37,nao_pagou,ensin_medio,entre_30_40,baixa_media
120,25,1,1,20,6.7,0.87,nao_pagou,ensin_basico,abaixo_30,baixa
121,45,1,12,37,9.5,2.17,pagou,ensin_basico,acima_40,media_alta
122,23,1,3,19,8.4,1.32,nao_pagou,ensin_basico,abaixo_30,baixa
123,34,4,6,27,35.3,7.55,nao_pagou,ensin_sup,entre_30_40,baixa_media
124,31,1,2,22,12.7,1.7,nao_pagou,ensin_basico,entre_30_40,baixa
125,28,1,5,22,2.8,0.48,pagou,ensin_basico,abaixo_30,baixa
126,41,1,7,43,4.4,1.2,pagou,ensin_basico,acima_40,media_alta
127,39,2,7,68,13,7.82,nao_pagou,ensin_medio,entre_30_40,alta
128,29,2,9,36,1.4,0.38,pagou,ensin_medio,abaixo_30,media_alta
129,21,1,5,25,9,1.88,pagou,ensin_basico,abaixo_30,baixa_media
130,41,2,19,68,5.8,2.44,pagou,ensin_medio,acima_40,alta
131,26,4,1,27,2.9,0.47,pagou,ensin_sup,abaixo_30,baixa_media
132,33,1,5,18,12.9,1.34,pagou,ensin_basico,entre_30_40,baixa
133,45,2,18,35,17.4,5.54,pagou,ensin_medio,acima_40,media_alta
134,39,1,17,60,13.7,5.77,pagou,ensin_basico,entre_30_40,alta
135,24,1,7,21,6.3,0.8,pagou,ensin_basico,abaixo_30,baixa
136,29,2,6,57,2.2,0.8,pagou,ensin_medio,abaixo_30,alta
137,27,2,1,23,12.4,2.57,pagou,ensin_medio,abaixo_30,baixa
138,40,1,13,28,5.9,0.69,pagou,ensin_basico,entre_30_40,baixa_media
139,29,1,8,24,6.7,1.14,pagou,ensin_basico,abaixo_30,baixa
140,29,2,4,37,6.6,1.28,nao_pagou,ensin_medio,abaixo_30,media_alta
141,24,1,0,16,16,1.55,nao_pagou,ensin_basico,abaixo_30,baixa
142,27,1,9,45,17.8,5.16,nao_pagou,ensin_basico,abaixo_30,media_alta
143,41,3,16,135,4.4,4.66,pagou,ensin_sup,acima_40,alta
144,31,1,11,25,9.1,2.13,pagou,ensin_basico,entre_30_40,baixa_media
145,41,1,16,68,5.4,3.22,pagou,ensin_basico,acima_40,alta
146,42,2,5,41,3.4,1.04,pagou,ensin_medio,acima_40,media_alta
147,28,4,1,26,12.4,2.85,pagou,ensin_sup,abaixo_30,baixa_media
148,30,4,2,25,10,0.73,pagou,ensin_sup,abaixo_30,baixa_media
149,30,1,11,33,8.4,2.09,pagou,ensin_basico,abaixo_30,baixa_media
150,31,1,8,44,8,1.8,pagou,ensin_basico,entre_30_40,media_alta
151,45,2,15,51,18.1,7.68,pagou,ensin_medio,acima_40,media_alta
152,43,1,13,76,6.1,2.48,nao_pagou,ensin_basico,acima_40,alta
153,36,1,4,23,16.3,2.42,pagou,ensin_basico,entre_30_40,baixa
154,28,1,8,30,7.2,1.55,pagou,ensin_basico,abaixo_30,baixa_media
155,27,2,3,33,13.2,2.72,pagou,ensin_medio,abaixo_30,baixa_media
156,36,3,13,39,19.2,4.69,pagou,ensin_sup,entre_30_40,media_alta
157,33,1,12,32,11.3,1.51,pagou,ensin_basico,entre_30_40,baixa_media
158,54,1,9,28,14.8,2.59,nao_pagou,ensin_basico,acima_40,baixa_media
159,33,1,9,29,13.8,2.65,nao_pagou,ensin_basico,entre_30_40,baixa_media
160,31,1,9,26,4.5,0.86,pagou,ensin_basico,entre_30_40,baixa_media
161,21,1,4,26,8.9,0.89,pagou,ensin_basico,abaixo_30,baixa_media
162,28,3,5,44,8.7,3.05,pagou,ensin_sup,abaixo_30,media_alta
163,31,2,2,26,6.8,1.49,nao_pagou,ensin_medio,entre_30_40,baixa_media
164,32,1,8,26,4.1,0.74,pagou,ensin_basico,entre_30_40,baixa_media
165,35,2,1,24,12.5,2.41,nao_pagou,ensin_medio,entre_30_40,baixa
166,40,2,13,102,18.9,13.05,nao_pagou,ensin_medio,entre_30_40,alta
167,22,1,4,24,15.6,2.11,nao_pagou,ensin_basico,abaixo_30,baixa
168,39,1,4,38,6.5,1.29,pagou,ensin_basico,entre_30_40,media_alta
169,41,4,14,44,1.7,0.39,pagou,ensin_sup,acima_40,media_alta
170,34,1,16,79,4,1.43,pagou,ensin_basico,entre_30_40,alta
171,29,1,7,22,9.7,1.58,pagou,ensin_basico,abaixo_30,baixa
172,31,1,4,28,11.3,2.87,pagou,ensin_basico,entre_30_40,baixa_media
173,32,1,1,20,4.8,0.65,nao_pagou,ensin_basico,entre_30_40,baixa
174,32,1,14,73,8.8,2.67,pagou,ensin_basico,entre_30_40,alta
175,33,1,6,21,7.5,1.01,pagou,ensin_basico,entre_30_40,baixa
176,26,1,6,22,10.3,1.55,pagou,ensin_basico,abaixo_30,baixa
177,21,1,1,18,17.3,2.96,pagou,ensin_basico,abaixo_30,baixa
178,28,2,7,34,7,2.02,pagou,ensin_medio,abaixo_30,baixa_media
179,37,1,13,24,8.9,1.53,pagou,ensin_basico,entre_30_40,baixa
180,33,2,2,35,22.9,5.89,nao_pagou,ensin_medio,entre_30_40,media_alta
181,39,1,12,46,5,1.74,pagou,ensin_basico,entre_30_40,media_alta
182,40,2,8,57,5.6,2.31,pagou,ensin_medio,entre_30_40,alta
183,45,3,16,80,3,1.49,pagou,ensin_sup,acima_40,alta
184,27,1,10,34,6.5,1.36,pagou,ensin_basico,abaixo_30,baixa_media
185,28,4,0,29,24.2,5.59,pagou,ensin_sup,abaixo_30,baixa_media
186,39,1,13,27,8,1.19,pagou,ensin_basico,entre_30_40,baixa_media
187,40,1,14,43,15,3.66,nao_pagou,ensin_basico,entre_30_40,media_alta
188,27,1,11,56,16.9,4.83,pagou,ensin_basico,abaixo_30,alta
189,36,1,1,16,9.3,1.05,pagou,ensin_basico,entre_30_40,baixa
190,55,1,20,78,15.6,7.76,pagou,ensin_basico,acima_40,alta
191,27,2,4,22,13.2,1.82,nao_pagou,ensin_medio,abaixo_30,baixa
192,30,1,1,17,11,1.12,pagou,ensin_basico,abaixo_30,baixa
193,36,1,10,28,11.2,2.32,nao_pagou,ensin_basico,entre_30_40,baixa_media
194,31,1,1,21,2.5,0.25,nao_pagou,ensin_basico,entre_30_40,baixa
195,33,2,13,40,7.2,2.7,pagou,ensin_medio,entre_30_40,media_alta
196,30,1,4,33,4.2,0.89,pagou,ensin_basico,abaixo_30,baixa_media
197,24,1,1,18,5.9,0.82,nao_pagou,ensin_basico,abaixo_30,baixa
198,33,4,9,28,4.3,0.83,pagou,ensin_sup,entre_30_40,baixa_media
199,50,1,8,47,6.9,2.84,pagou,ensin_basico,acima_40,media_alta
200,31,2,6,32,23.1,4.05,nao_pagou,ensin_medio,entre_30_40,baixa_media
201,28,1,3,19,4.1,0.52,pagou,ensin_basico,abaixo_30,baixa
202,44,3,8,88,6.1,5.08,nao_pagou,ensin_sup,acima_40,alta
203,48,4,3,45,9.8,3.44,pagou,ensin_sup,acima_40,media_alta
204,36,2,0,30,9.7,2.58,pagou,ensin_medio,entre_30_40,baixa_media
205,29,3,7,63,5.5,2.89,pagou,ensin_sup,abaixo_30,alta
206,40,3,17,116,6,4.4,pagou,ensin_sup,entre_30_40,alta
207,33,1,7,26,6,1.02,pagou,ensin_basico,entre_30_40,baixa_media
208,26,2,6,30,1,0.16,pagou,ensin_medio,abaixo_30,baixa_media
209,36,1,14,81,7.2,4.05,pagou,ensin_basico,entre_30_40,alta
210,26,2,6,35,1.9,0.58,pagou,ensin_medio,abaixo_30,media_alta
211,40,3,16,116,12.1,12.42,pagou,ensin_sup,entre_30_40,alta
212,44,1,5,48,9,2.35,nao_pagou,ensin_basico,acima_40,media_alta
213,29,3,1,30,4.5,1.07,pagou,ensin_sup,abaixo_30,baixa_media
214,35,3,5,37,5.4,1.42,nao_pagou,ensin_sup,entre_30_40,media_alta
215,34,1,16,75,10.4,3.85,pagou,ensin_basico,entre_30_40,alta
216,34,3,12,47,6.7,1.85,pagou,ensin_sup,entre_30_40,media_alta
217,46,1,13,35,10.2,2.22,pagou,ensin_basico,acima_40,media_alta
218,41,2,21,145,12.2,14.45,pagou,ensin_medio,acima_40,alta
219,27,2,7,30,4,0.75,nao_pagou,ensin_medio,abaixo_30,baixa_media
220,27,4,0,70,8,3.98,nao_pagou,ensin_sup,abaixo_30,alta
221,28,1,11,24,2.4,0.47,pagou,ensin_basico,abaixo_30,baixa
222,48,3,0,19,10.8,1.2,pagou,ensin_sup,acima_40,baixa
223,48,3,17,113,12,10.18,pagou,ensin_sup,acima_40,alta
224,29,3,5,70,19.9,10.75,nao_pagou,ensin_sup,abaixo_30,alta
225,43,2,9,60,20.4,8.2,nao_pagou,ensin_medio,acima_40,alta
226,23,1,5,17,7.9,1.04,pagou,ensin_basico,abaixo_30,baixa
227,29,2,10,44,18.1,4.26,pagou,ensin_medio,abaixo_30,media_alta
228,40,4,5,75,1.9,0.54,pagou,ensin_sup,entre_30_40,alta
229,22,2,0,20,5.6,0.91,pagou,ensin_medio,abaixo_30,baixa
230,23,1,7,22,14.4,2.32,pagou,ensin_basico,abaixo_30,baixa
231,46,3,9,60,15.3,7.57,pagou,ensin_sup,acima_40,alta
232,55,1,3,40,8,2.64,nao_pagou,ensin_basico,acima_40,media_alta
233,38,2,8,38,0.6,0.2,pagou,ensin_medio,entre_30_40,media_alta
234,35,2,5,33,2.8,0.82,pagou,ensin_medio,entre_30_40,baixa_media
235,30,1,11,27,0.9,0.17,pagou,ensin_basico,abaixo_30,baixa_media
236,24,1,7,18,6.5,0.64,pagou,ensin_basico,abaixo_30,baixa
237,26,2,4,28,9.5,2.43,pagou,ensin_medio,abaixo_30,baixa_media
238,32,2,2,15,9.1,1.25,nao_pagou,ensin_medio,entre_30_40,baixa
239,37,2,11,75,3.5,1.99,pagou,ensin_medio,entre_30_40,alta
240,39,1,6,42,19.9,5.82,nao_pagou,ensin_basico,entre_30_40,media_alta
241,30,2,4,21,18.3,3.35,pagou,ensin_medio,abaixo_30,baixa
242,30,1,10,39,9.5,1.65,pagou,ensin_basico,abaixo_30,media_alta
243,32,2,7,32,4.3,0.94,pagou,ensin_medio,entre_30_40,baixa_media
244,54,3,22,118,14.4,7.39,pagou,ensin_sup,acima_40,alta
245,27,3,3,35,13.3,3.05,pagou,ensin_sup,abaixo_30,media_alta
246,31,1,12,31,23.7,5.29,pagou,ensin_basico,entre_30_40,baixa_media
247,39,1,15,39,1.8,0.56,pagou,ensin_basico,entre_30_40,media_alta
248,31,1,5,25,14.1,2.35,pagou,ensin_basico,entre_30_40,baixa_media
249,35,1,15,40,18.5,6.19,pagou,ensin_basico,entre_30_40,media_alta
250,35,2,10,98,13.3,8.16,pagou,ensin_medio,entre_30_40,alta
251,46,2,22,144,11.1,12.66,pagou,ensin_medio,acima_40,alta
252,33,1,13,52,21.3,8.36,nao_pagou,ensin_basico,entre_30_40,media_alta
253,35,2,13,105,1.9,0.58,pagou,ensin_medio,entre_30_40,alta
254,35,2,1,21,7.9,1.29,pagou,ensin_medio,entre_30_40,baixa
255,38,1,5,21,9,1.44,pagou,ensin_basico,entre_30_40,baixa
256,41,1,19,96,7.8,5.23,pagou,ensin_basico,acima_40,alta
257,38,1,18,44,4.5,1.37,pagou,ensin_basico,entre_30_40,media_alta
258,34,3,2,39,13.2,4.01,pagou,ensin_sup,entre_30_40,media_alta
259,51,3,16,82,4.4,1,pagou,ensin_sup,acima_40,alta
260,34,2,10,33,9.5,2.56,pagou,ensin_medio,entre_30_40,baixa_media
261,47,1,15,30,24.5,5.14,pagou,ensin_basico,acima_40,baixa_media
262,34,2,8,78,5.4,2.06,pagou,ensin_medio,entre_30_40,alta
263,27,2,8,18,11.9,1.74,pagou,ensin_medio,abaixo_30,baixa
264,52,1,9,24,19.2,3.81,nao_pagou,ensin_basico,acima_40,baixa
265,39,1,9,35,5,1.52,pagou,ensin_basico,entre_30_40,media_alta
266,33,1,7,22,6.4,0.78,pagou,ensin_basico,entre_30_40,baixa
267,34,1,0,21,7.2,1.32,pagou,ensin_basico,entre_30_40,baixa
268,31,3,9,59,14.6,5.5,nao_pagou,ensin_sup,entre_30_40,alta
269,28,1,2,16,15.2,1.56,pagou,ensin_basico,abaixo_30,baixa
270,39,1,19,45,3.7,0.75,pagou,ensin_basico,entre_30_40,media_alta
271,51,2,21,120,7.6,4.98,pagou,ensin_medio,acima_40,alta
272,22,1,4,16,1.2,0.11,pagou,ensin_basico,abaixo_30,baixa
273,27,3,6,26,10.4,1.77,pagou,ensin_sup,abaixo_30,baixa_media
274,32,1,16,38,21,7.29,pagou,ensin_basico,entre_30_40,media_alta
275,28,2,6,38,7.2,1.96,pagou,ensin_medio,abaixo_30,media_alta
276,27,2,1,20,10.3,1.68,nao_pagou,ensin_medio,abaixo_30,baixa
277,26,2,2,24,13.6,1.69,nao_pagou,ensin_medio,abaixo_30,baixa
278,32,1,14,36,2.4,0.59,pagou,ensin_basico,entre_30_40,media_alta
279,30,1,0,17,3.7,0.18,nao_pagou,ensin_basico,abaixo_30,baixa
280,39,1,13,38,8.9,1.48,pagou,ensin_basico,entre_30_40,media_alta
281,31,1,11,28,4.8,1,nao_pagou,ensin_basico,entre_30_40,baixa_media
282,34,1,15,39,24.7,5.26,nao_pagou,ensin_basico,entre_30_40,media_alta
283,31,1,8,41,12.6,5.03,pagou,ensin_basico,entre_30_40,media_alta
284,29,2,1,25,10.4,2.03,pagou,ensin_medio,abaixo_30,baixa_media
285,29,1,9,25,13.9,2.4,pagou,ensin_basico,abaixo_30,baixa_media
286,35,2,9,30,7.6,1.63,pagou,ensin_medio,entre_30_40,baixa_media
287,29,1,11,32,6,0.99,pagou,ensin_basico,abaixo_30,baixa_media
288,38,2,2,22,22.7,3.79,nao_pagou,ensin_medio,entre_30_40,baixa
289,35,1,16,36,3.4,1.05,pagou,ensin_basico,entre_30_40,media_alta
290,29,1,11,36,6.1,1.49,pagou,ensin_basico,abaixo_30,media_alta
291,23,2,3,34,4.4,1.23,pagou,ensin_medio,abaixo_30,baixa_media
292,33,4,9,32,5.5,1.26,pagou,ensin_sup,entre_30_40,baixa_media
293,51,2,19,159,2.8,3.38,pagou,ensin_medio,acima_40,alta
294,24,1,4,21,2.6,0.45,pagou,ensin_basico,abaixo_30,baixa
295,31,1,10,49,9.8,1.57,nao_pagou,ensin_basico,entre_30_40,media_alta
296,45,1,10,52,5.4,1.88,pagou,ensin_basico,acima_40,media_alta
297,29,1,3,17,9,1.06,pagou,ensin_basico,abaixo_30,baixa
298,34,1,0,21,17.1,1.37,pagou,ensin_basico,entre_30_40,baixa
299,25,2,4,27,5,0.8,nao_pagou,ensin_medio,abaixo_30,baixa_media
300,37,1,20,56,1.9,0.52,pagou,ensin_basico,entre_30_40,alta
301,47,1,29,129,25.3,12.08,nao_pagou,ensin_basico,acima_40,alta
302,43,2,6,54,9.6,4.56,pagou,ensin_medio,acima_40,media_alta
303,47,1,22,81,5.5,2.95,pagou,ensin_basico,acima_40,alta
304,24,1,6,21,5.2,0.98,pagou,ensin_basico,abaixo_30,baixa
305,27,3,5,75,6.3,2.52,pagou,ensin_sup,abaixo_30,alta
306,25,1,9,18,1.2,0.15,pagou,ensin_basico,abaixo_30,baixa
307,36,3,11,44,14.7,6.02,pagou,ensin_sup,entre_30_40,media_alta
308,39,1,16,57,19.4,9.5,pagou,ensin_basico,entre_30_40,alta
309,26,1,10,25,7.1,0.47,pagou,ensin_basico,abaixo_30,baixa_media
310,41,1,4,25,10.1,1.46,pagou,ensin_basico,acima_40,baixa_media
311,39,1,19,60,27.1,6.67,nao_pagou,ensin_basico,entre_30_40,alta
312,37,1,18,54,12.1,1.94,pagou,ensin_basico,entre_30_40,media_alta
313,29,1,2,14,14.4,1.43,nao_pagou,ensin_basico,abaixo_30,baixa
314,42,1,6,31,11.6,2.57,pagou,ensin_basico,acima_40,baixa_media
315,31,4,1,29,11.1,2.15,pagou,ensin_sup,entre_30_40,baixa_media
316,36,1,4,17,17.3,2.42,pagou,ensin_basico,entre_30_40,baixa
317,39,1,16,52,20,6.24,pagou,ensin_basico,entre_30_40,media_alta
318,23,4,0,23,6.7,1.07,pagou,ensin_sup,abaixo_30,baixa
319,39,1,4,33,7,1.91,pagou,ensin_basico,entre_30_40,baixa_media
320,27,3,4,40,3.1,0.96,nao_pagou,ensin_sup,abaixo_30,media_alta
321,24,1,8,24,5,0.82,pagou,ensin_basico,abaixo_30,baixa
322,27,3,3,45,11,4.66,nao_pagou,ensin_sup,abaixo_30,media_alta
323,41,1,16,49,1.6,0.35,pagou,ensin_basico,acima_40,media_alta
324,38,1,0,23,8.1,0.97,nao_pagou,ensin_basico,entre_30_40,baixa
325,40,2,5,35,16.4,4.16,nao_pagou,ensin_medio,entre_30_40,media_alta
326,54,1,25,119,26.5,17.2,nao_pagou,ensin_basico,acima_40,alta
327,40,1,12,89,17.4,12.71,pagou,ensin_basico,entre_30_40,alta
328,40,1,2,32,3.7,0.33,pagou,ensin_basico,entre_30_40,baixa_media
329,29,1,1,31,8,2.32,pagou,ensin_basico,abaixo_30,baixa_media
330,30,1,8,23,12,2,pagou,ensin_basico,abaixo_30,baixa
331,29,1,1,18,1.1,0.17,pagou,ensin_basico,abaixo_30,baixa
332,29,3,3,50,2.4,0.94,nao_pagou,ensin_sup,abaixo_30,media_alta
333,28,4,2,41,2.5,0.57,nao_pagou,ensin_sup,abaixo_30,media_alta
334,28,4,0,38,10.4,3.32,pagou,ensin_sup,abaixo_30,media_alta
335,39,2,16,89,14.3,7.73,pagou,ensin_medio,entre_30_40,alta
336,32,1,11,53,3.3,1.66,pagou,ensin_basico,entre_30_40,media_alta
337,36,2,7,43,15.4,3.97,pagou,ensin_medio,entre_30_40,media_alta
338,39,1,20,39,8.2,2.42,pagou,ensin_basico,entre_30_40,media_alta
339,28,3,6,47,19.8,3.73,nao_pagou,ensin_sup,abaixo_30,media_alta
340,28,1,4,28,14.2,3.54,nao_pagou,ensin_basico,abaixo_30,baixa_media
341,46,1,6,31,12.2,1.8,pagou,ensin_basico,acima_40,baixa_media
342,30,2,4,15,6.5,0.62,pagou,ensin_medio,abaixo_30,baixa
343,39,2,15,32,4.9,1.15,pagou,ensin_medio,entre_30_40,baixa_media
344,40,3,5,220,16,27.03,nao_pagou,ensin_sup,entre_30_40,alta
345,44,2,18,74,13.4,5.39,pagou,ensin_medio,acima_40,alta
346,30,1,0,19,16.6,2.53,nao_pagou,ensin_basico,abaixo_30,baixa
347,24,2,3,19,4.3,0.46,pagou,ensin_medio,abaixo_30,baixa
348,32,1,10,32,11.3,2.45,pagou,ensin_basico,entre_30_40,baixa_media
349,29,2,3,15,2.6,0.24,pagou,ensin_medio,abaixo_30,baixa
350,40,2,2,36,3.8,1.09,pagou,ensin_medio,entre_30_40,media_alta
351,41,2,8,43,0.7,0.22,pagou,ensin_medio,acima_40,media_alta
352,22,1,1,17,18.6,2.36,pagou,ensin_basico,abaixo_30,baixa
353,38,1,10,37,1.2,0.37,pagou,ensin_basico,entre_30_40,media_alta
354,37,2,6,62,8.5,4.08,pagou,ensin_medio,entre_30_40,alta
355,41,3,18,71,15.7,4.58,nao_pagou,ensin_sup,acima_40,alta
356,41,3,7,56,14.5,7.75,nao_pagou,ensin_sup,acima_40,alta
357,39,1,2,22,23.1,3.17,nao_pagou,ensin_basico,entre_30_40,baixa
358,24,2,0,15,16.1,2.09,nao_pagou,ensin_medio,abaixo_30,baixa
359,32,3,9,51,23,9.04,pagou,ensin_sup,entre_30_40,media_alta
360,21,3,0,26,7.7,0.47,pagou,ensin_sup,abaixo_30,baixa_media
361,29,1,13,27,2.3,0.55,pagou,ensin_basico,abaixo_30,baixa_media
362,35,2,14,82,0.8,0.19,pagou,ensin_medio,entre_30_40,alta
363,29,1,6,21,18.1,2.69,pagou,ensin_basico,abaixo_30,baixa
364,41,2,2,30,6.7,1.9,pagou,ensin_medio,acima_40,baixa_media
365,37,1,0,18,12.9,0.74,nao_pagou,ensin_basico,entre_30_40,baixa
366,32,2,3,47,1.9,0.46,pagou,ensin_medio,entre_30_40,media_alta
367,36,5,5,20,8.1,0.89,pagou,ensin_sup,entre_30_40,baixa
368,39,2,18,44,2.1,0.56,pagou,ensin_medio,entre_30_40,media_alta
369,36,1,18,67,11.2,2.26,pagou,ensin_basico,entre_30_40,alta
370,46,3,22,99,2.3,1.45,pagou,ensin_sup,acima_40,alta
371,34,1,13,51,9.6,3.02,pagou,ensin_basico,entre_30_40,media_alta
372,27,1,7,26,9.1,1.72,pagou,ensin_basico,abaixo_30,baixa_media
373,43,1,8,45,3.3,0.81,pagou,ensin_basico,acima_40,media_alta
374,33,1,14,72,41.3,14.72,nao_pagou,ensin_basico,entre_30_40,alta
375,39,2,20,101,1.4,1.07,pagou,ensin_medio,entre_30_40,alta
376,29,1,1,17,2.5,0.29,pagou,ensin_basico,abaixo_30,baixa
377,34,4,7,40,6.4,1.61,pagou,ensin_sup,entre_30_40,media_alta
378,26,1,1,21,4.9,0.42,pagou,ensin_basico,abaixo_30,baixa
379,31,1,15,60,4.8,2.08,pagou,ensin_basico,entre_30_40,alta
380,26,1,10,25,2.7,0.34,pagou,ensin_basico,abaixo_30,baixa_media
381,28,1,12,45,7.7,1.61,pagou,ensin_basico,abaixo_30,media_alta
382,48,1,13,50,30.8,9.29,nao_pagou,ensin_basico,acima_40,media_alta
383,39,2,2,46,16,3.36,nao_pagou,ensin_medio,entre_30_40,media_alta
384,37,1,3,25,3.7,0.65,pagou,ensin_basico,entre_30_40,baixa_media
385,52,5,9,70,9.4,5.25,nao_pagou,ensin_sup,acima_40,alta
386,48,1,3,27,21.3,4.35,pagou,ensin_basico,acima_40,baixa_media
387,26,1,7,22,5.1,0.91,pagou,ensin_basico,abaixo_30,baixa
388,46,5,15,126,3.1,3.43,pagou,ensin_sup,acima_40,alta
389,31,1,7,23,4.9,0.9,pagou,ensin_basico,entre_30_40,baixa
390,34,1,13,56,6.1,2.55,pagou,ensin_basico,entre_30_40,alta
391,40,1,22,95,3.6,2.79,pagou,ensin_basico,entre_30_40,alta
392,24,3,2,16,6.4,0.75,nao_pagou,ensin_sup,abaixo_30,baixa
393,33,1,2,44,3.1,0.84,pagou,ensin_basico,entre_30_40,media_alta
394,53,4,5,78,17.3,6.56,nao_pagou,ensin_sup,acima_40,alta
395,47,3,9,52,20.1,7.91,nao_pagou,ensin_sup,acima_40,media_alta
396,35,1,5,32,13,3.99,pagou,ensin_basico,entre_30_40,baixa_media
397,34,1,14,28,17,3.62,pagou,ensin_basico,entre_30_40,baixa_media
398,49,1,11,39,10.1,1.48,pagou,ensin_basico,acima_40,media_alta
399,26,2,0,28,9.3,1.33,pagou,ensin_medio,abaixo_30,baixa_media
400,23,1,2,16,9.6,0.73,nao_pagou,ensin_basico,abaixo_30,baixa
401,23,2,0,21,8.7,1.37,pagou,ensin_medio,abaixo_30,baixa
402,38,2,4,56,1.6,0.45,pagou,ensin_medio,entre_30_40,alta
403,28,2,5,37,8.3,1.95,pagou,ensin_medio,abaixo_30,media_alta
404,30,3,0,65,29.7,15.41,nao_pagou,ensin_sup,abaixo_30,alta
405,34,1,18,34,15.4,3.14,pagou,ensin_basico,entre_30_40,baixa_media
406,50,2,16,71,11.1,6.22,pagou,ensin_medio,acima_40,alta
407,29,1,12,44,6.7,1.05,pagou,ensin_basico,abaixo_30,media_alta
408,42,3,0,64,6.6,3.95,pagou,ensin_sup,acima_40,alta
409,31,1,13,27,5,1.11,pagou,ensin_basico,entre_30_40,baixa_media
410,39,1,10,31,4.8,1.3,pagou,ensin_basico,entre_30_40,baixa_media
411,45,2,21,132,3,1.4,pagou,ensin_medio,acima_40,alta
412,45,1,22,91,11.7,9.39,pagou,ensin_basico,acima_40,alta
413,36,1,14,53,5.7,1.13,pagou,ensin_basico,entre_30_40,media_alta
414,25,4,0,24,12.1,1.31,nao_pagou,ensin_sup,abaixo_30,baixa
415,29,2,1,29,21.2,3.82,nao_pagou,ensin_medio,abaixo_30,baixa_media
416,30,2,8,56,6.4,3.25,pagou,ensin_medio,abaixo_30,alta
417,31,1,1,24,4.5,0.86,pagou,ensin_basico,entre_30_40,baixa
418,43,1,4,29,4.6,1.28,pagou,ensin_basico,acima_40,baixa_media
419,32,2,11,57,23.8,8.13,nao_pagou,ensin_medio,entre_30_40,alta
420,47,1,19,50,30.1,11.87,pagou,ensin_basico,acima_40,media_alta
421,46,1,1,21,14.8,1.73,nao_pagou,ensin_basico,acima_40,baixa
422,43,2,16,83,4.1,3.14,pagou,ensin_medio,acima_40,alta
423,48,1,3,24,7,0.92,pagou,ensin_basico,acima_40,baixa
424,30,3,8,61,2.8,1.16,pagou,ensin_sup,abaixo_30,alta
425,23,4,0,32,18.4,5.07,nao_pagou,ensin_sup,abaixo_30,baixa_media
426,36,4,8,32,1.6,0.49,pagou,ensin_sup,entre_30_40,baixa_media
427,20,3,0,17,2.3,0.35,pagou,ensin_sup,abaixo_30,baixa
428,43,1,16,89,0.4,0.2,pagou,ensin_basico,acima_40,alta
429,23,1,2,25,4.5,1,nao_pagou,ensin_basico,abaixo_30,baixa_media
430,41,1,21,77,20.5,8.63,pagou,ensin_basico,acima_40,alta
431,34,1,12,68,25.1,9.25,nao_pagou,ensin_basico,entre_30_40,alta
432,50,1,11,36,4.8,0.89,pagou,ensin_basico,acima_40,media_alta
433,40,1,9,64,6.6,3.43,pagou,ensin_basico,entre_30_40,alta
434,29,2,0,22,12.9,1.8,nao_pagou,ensin_medio,abaixo_30,baixa
435,39,2,9,56,18.7,5.71,pagou,ensin_medio,entre_30_40,alta
436,24,2,1,42,5.7,1.56,pagou,ensin_medio,abaixo_30,media_alta
437,27,1,0,16,1.1,0.05,pagou,ensin_basico,abaixo_30,baixa
438,40,3,18,157,6.6,7.04,pagou,ensin_sup,entre_30_40,alta
439,32,2,8,45,3.7,0.68,pagou,ensin_medio,entre_30_40,media_alta
440,39,2,16,53,3.7,1.27,pagou,ensin_medio,entre_30_40,media_alta
441,40,1,22,100,14.6,9.2,pagou,ensin_basico,entre_30_40,alta
442,32,1,10,42,9.1,2.28,pagou,ensin_basico,entre_30_40,media_alta
443,39,1,23,75,18.9,11.04,pagou,ensin_basico,entre_30_40,alta
444,24,1,3,21,28.9,3.39,nao_pagou,ensin_basico,abaixo_30,baixa
445,43,4,18,446,6.5,12.96,nao_pagou,ensin_sup,acima_40,alta
446,56,1,11,59,15,4.18,pagou,ensin_basico,acima_40,alta
447,32,3,5,23,4.5,0.71,pagou,ensin_sup,entre_30_40,baixa
448,42,1,7,25,10.2,0.92,pagou,ensin_basico,acima_40,baixa_media
449,46,3,3,43,13.2,2.63,nao_pagou,ensin_sup,acima_40,media_alta
450,31,1,2,22,16.4,1.87,nao_pagou,ensin_basico,entre_30_40,baixa
451,43,1,25,242,2.6,4.66,pagou,ensin_basico,acima_40,alta
452,28,2,6,22,11.5,1.88,pagou,ensin_medio,abaixo_30,baixa
453,39,3,11,39,12.9,2.47,pagou,ensin_sup,entre_30_40,media_alta
454,39,1,0,39,7.9,2.01,pagou,ensin_basico,entre_30_40,media_alta
455,37,4,1,33,16.1,2.62,nao_pagou,ensin_sup,entre_30_40,baixa_media
456,30,1,0,17,12,1.74,pagou,ensin_basico,abaixo_30,baixa
457,37,5,9,277,5.9,9.56,pagou,ensin_sup,entre_30_40,alta
458,22,1,4,14,17.5,2.22,pagou,ensin_basico,abaixo_30,baixa
459,50,1,1,26,14.3,1.87,pagou,ensin_basico,acima_40,baixa_media
460,30,1,10,19,4.4,0.5,pagou,ensin_basico,abaixo_30,baixa
461,39,1,8,21,4,0.56,pagou,ensin_basico,entre_30_40,baixa
462,21,2,0,21,12.5,2.14,nao_pagou,ensin_medio,abaixo_30,baixa
463,31,3,9,28,2.6,0.61,pagou,ensin_sup,entre_30_40,baixa_media
464,31,2,9,30,5.8,1.14,pagou,ensin_medio,entre_30_40,baixa_media
465,48,1,0,30,22.3,4.03,pagou,ensin_basico,acima_40,baixa_media
466,28,1,4,16,23.8,2.72,pagou,ensin_basico,abaixo_30,baixa
467,47,3,16,221,17.6,23.1,nao_pagou,ensin_sup,acima_40,alta
468,27,2,6,34,4.4,1.26,pagou,ensin_medio,abaixo_30,baixa_media
469,29,2,6,65,18.4,9.97,pagou,ensin_medio,abaixo_30,alta
470,21,2,2,20,4.5,0.61,nao_pagou,ensin_medio,abaixo_30,baixa
471,29,1,7,20,19.8,2.95,nao_pagou,ensin_basico,abaixo_30,baixa
472,24,4,0,29,6.6,1.32,nao_pagou,ensin_sup,abaixo_30,baixa_media
473,44,1,12,31,9.7,2.65,pagou,ensin_basico,acima_40,baixa_media
474,22,1,1,18,4.4,0.52,pagou,ensin_basico,abaixo_30,baixa
475,38,2,13,59,2.4,1.01,pagou,ensin_medio,entre_30_40,alta
476,52,2,12,76,7.7,4.86,pagou,ensin_medio,acima_40,alta
477,25,1,3,18,16.3,2.58,nao_pagou,ensin_basico,abaixo_30,baixa
478,25,1,5,22,10.9,2,pagou,ensin_basico,abaixo_30,baixa
479,51,2,27,166,11.5,18.27,pagou,ensin_medio,acima_40,alta
480,38,1,21,58,16.5,4.99,pagou,ensin_basico,entre_30_40,alta
481,44,1,9,33,5.2,1.17,pagou,ensin_basico,acima_40,baixa_media
482,24,2,2,26,9.7,1.63,nao_pagou,ensin_medio,abaixo_30,baixa_media
483,34,1,5,33,7.3,1.63,pagou,ensin_basico,entre_30_40,baixa_media
484,25,2,6,28,4.5,1.1,pagou,ensin_medio,abaixo_30,baixa_media
485,45,3,5,94,10.5,6.26,nao_pagou,ensin_sup,acima_40,alta
486,34,2,4,25,5.8,0.88,pagou,ensin_medio,entre_30_40,baixa_media
487,27,4,2,23,5.7,0.99,nao_pagou,ensin_sup,abaixo_30,baixa
488,33,2,10,57,20.9,5.8,nao_pagou,ensin_medio,entre_30_40,alta
489,35,2,0,22,15,1.33,nao_pagou,ensin_medio,entre_30_40,baixa
490,50,2,15,60,1.1,0.19,pagou,ensin_medio,acima_40,alta
491,33,1,13,42,3.6,1.28,pagou,ensin_basico,entre_30_40,media_alta
492,41,3,13,91,25.2,20.62,nao_pagou,ensin_sup,acima_40,alta
493,28,1,0,28,33.3,7.04,nao_pagou,ensin_basico,abaixo_30,baixa_media
494,38,3,12,63,16,4.36,nao_pagou,ensin_sup,entre_30_40,alta
495,25,1,3,16,17.8,1.84,nao_pagou,ensin_basico,abaixo_30,baixa
496,47,2,4,33,7.1,1.15,nao_pagou,ensin_medio,acima_40,baixa_media
497,30,2,12,98,7.2,4.12,pagou,ensin_medio,abaixo_30,alta
498,44,2,12,86,13,9.7,pagou,ensin_medio,acima_40,alta
499,25,1,0,18,18.9,2.89,nao_pagou,ensin_basico,abaixo_30,baixa
500,41,2,7,36,19.5,2.57,nao_pagou,ensin_medio,acima_40,media_alta
